trade_date,scope_return_1d,advance_ratio,trend_price_alignment_ratio,new_high_ratio,price_position_median,uptrend_member_ratio,main_structure_up_ratio,short_structure_up_ratio,trend_structure_momentum_alignment_ratio,structure_net_event_rate,structure_breakdown_diffusion,multi_dim_improving_ratio,momentum_enhancing_coverage,fresh_structure_event_coverage,non_head_participation_ratio,leader_follower_common_confirm_ratio,top5_price_change_contribution,top10pct_event_contribution,member_change_hhi,leader_median_diff,top5_amount_contribution,volume_expansion_ratio,amount_expansion_ratio,volume_percentile20_median,amount_percentile200_median,trend_segment_volume_improvement,price_amount_efficiency_median,metric_P_value,metric_P_rawValue,metric_P_status,metric_Q_value,metric_Q_rawValue,metric_Q_status,metric_U_value,metric_U_rawValue,metric_U_status,metric_C_value,metric_C_rawValue,metric_C_status,metric_V_value,metric_V_rawValue,metric_V_status
2026-02-09,,,,0.018529241459177764,0.49402078023916873,0.27523644084153637,0.7670333912372129,0.6178343949044586,0.6216877293110477,0.14868429518111045,0.5745994981663771,0.8066010422698321,,1.0,,,,0.09999356540763142,,,0.035970288598299135,0.06890561667631731,0.08106543138390272,0.3204593707778391,0.5327360340357724,1.483211674916653,,,0.25627501084917326,unavailable,,0.5008459582736239,insufficient_history,,0.9033005211349161,insufficient_history,,0.06798192700296528,insufficient_history,,0.4972756255580969,insufficient_history
2026-02-10,,,,0.014277445494887131,0.49111584932480445,0.27648080262396296,0.7696314875554698,0.624155894269728,0.6250254323499491,0.16110360794906425,0.56280146633224,0.0059810920316419065,0.05694980694980695,1.0,,,,0.09995497523638001,,,0.028726032376659126,0.06559907389542736,0.07447424271657341,0.27024889060389506,0.48152091225974114,1.468351108160613,,,0.25269664740984576,unavailable,,0.5031997818467356,insufficient_history,,0.35431029966048294,insufficient_history,,0.06434050380651957,insufficient_history,,0.47203884552725006,insufficient_history
2026-02-11,,,,0.010997491800115763,0.4848484848484848,0.28072544858190235,0.7707891182712715,0.6243488327223615,0.6244150559511699,0.16406199755611292,0.5593285741848351,0.004244645957939417,0.07353792704111176,1.0,,,,0.09995497523638001,,,0.03937961317219065,0.060196797221686284,0.07003665830600038,0.24525371406521115,0.4474285874179508,1.4575042074960907,,,0.2479229883243003,unavailable,,0.5039448378779422,insufficient_history,,0.35926085766635035,insufficient_history,,0.06966729420428533,insufficient_history,,0.4560839929013879,insufficient_history
2026-02-12,,,,0.014844804318488529,0.47524752475247506,0.28224407171775595,0.771158665895508,0.6151918257181415,0.6214184108920952,0.1573806310648416,0.5629458261037208,0.003470213996529786,0.07693790975703818,1.0,,,,0.09987788418278809,,,0.035307036675492565,0.06246385193753615,0.06921149026412185,0.32559282822440466,0.4956188196402813,1.4468946057218233,,,0.24504616453548178,unavailable,,0.5017232385653438,insufficient_history,,0.3601360412511893,insufficient_history,,0.06759246042914033,insufficient_history,,0.4799563191576334,insufficient_history
2026-02-13,,,,0.006750241080038573,0.4554794520547944,0.2827386692381871,0.7706846673095468,0.5947926711668274,0.6105241771637546,0.129926068788171,0.5737704918032787,0.002700096432015429,0.053616200578592094,1.0,,,,0.09991641483958079,,,0.030869421802631605,0.049373191899710706,0.05978784956605593,0.28095467695274495,0.4587220375273566,1.4298843789568951,,,0.2311148465674165,unavailable,,0.4937394575782943,insufficient_history,,0.35210543233686914,insufficient_history,,0.06539291832110619,insufficient_history,,0.4557444269805527,insufficient_history
2026-02-24,,,,0.020632472040107982,0.48819374128458315,0.282684149633629,0.7722715001928269,0.5950636328576938,0.6116071428571429,0.1429489651626173,0.5661396066332434,0.011183956806787505,0.21643518518518517,1.0,,,,0.0998971457958344,,,0.03222293981117894,0.07365985345160046,0.08387967605090628,0.3996047049749311,0.5282212768411764,1.4207641322771072,,,0.25441310666234557,unavailable,,0.4951191662228589,insufficient_history,,0.4092063806639909,insufficient_history,,0.06606004280350668,insufficient_history,,0.5012259287191443,insufficient_history
2026-02-25,,,,0.01813621454755933,0.5172932330827069,0.28612772525564345,0.7740690719660428,0.6121937102064442,0.6240616757963076,0.164190623191202,0.5454370055952151,0.008296353463245225,0.11749951765386842,1.0,,,,0.09995497523638001,,,0.028897066123882705,0.09666216476943855,0.10978197954852402,0.442427165734131,0.5525968304662779,1.4240556365836037,,,0.2677147238151331,unavailable,,0.5010133020018092,insufficient_history,,0.3752652903723712,insufficient_history,,0.06442602068013135,insufficient_history,,0.525104755420395,insufficient_history
2026-02-26,,,,0.02797607563187343,0.5209981740718197,0.28998649430831563,0.7744549488713101,0.6229982635539263,0.6311309282529388,0.17756768924046562,0.5309666216476944,0.010611614894848543,0.06562439683458791,1.0,,,,0.09995497523638001,,,0.03433405541064275,0.10901022573798957,0.12772525564344975,0.44124059425043305,0.5451603631513746,1.4376430666566142,,,0.27448712485184656,unavailable,,0.5045174909791085,insufficient_history,,0.3587453372431455,insufficient_history,,0.06714451532351139,insufficient_history,,0.5321559010879723,insufficient_history
2026-02-27,,,,0.03183484468454563,0.5401621223286663,0.2930735095504534,0.7765772718502798,0.6349604476172102,0.6379659643435981,0.1963470319634703,0.5139880378159367,0.008103415010611615,0.09976842917792358,1.0,,,,0.09995497523638001,,,0.034259342574662434,0.10650202585375265,0.1252170557592128,0.4177889253328185,0.5267593526258098,1.4362358781747229,,,0.285998483506606,unavailable,,0.5088187105234915,insufficient_history,,0.3692906147295117,insufficient_history,,0.06710715890552123,insufficient_history,,0.5225006475492633,insufficient_history
2026-03-02,,,,0.02527981474334234,0.4857189911537739,0.28618294094944036,0.7734465457352374,0.5741026630644539,0.6144359078042863,0.1448604142544706,0.5480509455808568,0.004438440756464685,0.03029718255499807,1.0,,,,0.09997426659804426,,,0.03396360325580636,0.22211501350829796,0.23272867618680046,0.6813874951756062,0.6817094818478854,1.4332707991566684,,,0.2554994029485581,unavailable,,0.4901799028981242,insufficient_history,,0.34491187443715426,insufficient_history,,0.06696893492692531,insufficient_history,,0.6502422931750517,insufficient_history
2026-03-03,,,,0.01253858024691358,0.3860302488209467,0.27218364197530864,0.7635030864197531,0.4494598765432099,0.539995970179327,0.05246913580246913,0.6388888888888888,0.004243827160493827,0.018907968358093767,1.0,,,,0.09993569131832797,,,0.028499237577026392,0.21489197530864199,0.21450617283950618,0.6919656635802472,0.6778366052057326,1.4140240934692403,,,0.19928441453393014,unavailable,,0.45275009996815946,insufficient_history,,0.34105059850619585,insufficient_history,,0.06421746444767717,insufficient_history,,0.6426449020806737,insufficient_history
2026-03-04,,,,0.006557377049180328,0.3629441624365482,0.25554484088717455,0.7542912246865959,0.4150433944069431,0.5311871227364185,0.05818064930890389,0.6638379942140791,0.002700096432015429,0.05940212150433944,1.0,,,,0.09991641483958079,,,0.028783835317928646,0.11764705882352941,0.12150433944069432,0.4710125361620047,0.5429628863807323,1.3548908054999464,,,0.18475076974286425,unavailable,,0.44634753770668584,insufficient_history,,0.3540340726454516,insufficient_history,,0.06435012507875472,insufficient_history,,0.5216035252613814,insufficient_history
2026-03-05,,,,0.009255688391824142,0.40212457001071455,0.2564596991901273,0.7543386039336676,0.41091399922869265,0.5288674311003823,0.04602133950379226,0.6669880447358272,0.007134593135364443,0.1355572695719244,1.0,,,,0.0998971457958344,,,0.043027736971621926,0.11839568067875048,0.12880833011955264,0.4173544157346691,0.5048116475928518,1.3430597810371396,,,0.20569012920126936,unavailable,,0.4439315196154148,insufficient_history,,0.3808972875690963,insufficient_history,,0.07146244138372816,insufficient_history,,0.5024859710325927,insufficient_history
2026-03-06,,,,0.016965490649701175,0.45042341998239427,0.25795257374204744,0.7561210719105456,0.420088683246578,0.5340703517587939,0.04826167984062721,0.6593406593406593,0.009253903990746095,0.18492094099498652,1.0,,,,0.09987788418278809,,,0.03199122721589263,0.1164449585502217,0.12647002120686332,0.4131771737034872,0.5022150873475923,1.3400320111632313,,,0.2336944553160477,unavailable,,0.44597250330654187,insufficient_history,,0.3980582816619109,insufficient_history,,0.06593455569934036,insufficient_history,,0.4996678503942792,insufficient_history
2026-03-09,,,,0.013872832369942197,0.43115927569686135,0.2529865125240848,0.75626204238921,0.41329479768786126,0.5274879614767255,0.047398843930635835,0.6660886319845858,0.005009633911368015,0.037379576107899805,1.0,,,,0.10001284686536485,,,0.028945208350789106,0.15298651252408477,0.15895953757225434,0.5562042389210029,0.5689023294623039,1.325895012103365,,,0.22251605403340177,unavailable,,0.44391979833218387,insufficient_history,,0.34746307000642257,insufficient_history,,0.06447902760807697,insufficient_history,,0.5525895261166022,insufficient_history
2026-03-10,,,,0.019849682019656967,0.47426761678543145,0.2568895740990557,0.7575640778570052,0.4232029292734631,0.5344170178607265,0.046123209353118776,0.6579302370398921,0.007901329735979958,0.12606013878180417,1.0,,,,0.09984579799537394,,,0.032818355139517856,0.10734245519367894,0.12160339179032569,0.4325014453651958,0.5093539368339324,1.321364029098365,,,0.2470586494025442,unavailable,,0.4460211742472102,insufficient_history,,0.3779871561725947,insufficient_history,,0.0663320765674459,insufficient_history,,0.4984330516562996,insufficient_history
2026-03-11,,,,0.020608628659476116,0.4713543935838381,0.26136363636363635,0.7573189522342064,0.43297380585516176,0.5425190533493782,0.04564714946070878,0.6506163328197226,0.007318952234206471,0.10496918335901387,1.0,,,,0.09998073588903872,,,0.03641695324890388,0.13289676425269645,0.14714946070878274,0.43732665639445195,0.5087540730896079,1.326364722316718,,,0.24598151112165711,unavailable,,0.4484064883471357,insufficient_history,,0.3707627118644068,insufficient_history,,0.0681988445689713,insufficient_history,,0.5104983353524515,insufficient_history
2026-03-12,,,,0.015986132511556242,0.44788321310387236,0.2630970724191063,0.7578967642526965,0.43258859784283515,0.5422845691382766,0.040896250642013354,0.6515793528505393,0.0034668721109399076,0.0662557781201849,1.0,,,,0.09998073588903872,,,0.03751118324832375,0.12692604006163327,0.137904468412943,0.4296128659476111,0.499339772405305,1.3253630873423317,,,0.2319346728077143,unavailable,,0.4480571011909112,insufficient_history,,0.35657421674370826,insufficient_history,,0.06874595956868124,insufficient_history,,0.5038292468339648,insufficient_history
2026-03-13,,,,0.005200308166409861,0.4235136549942084,0.2621340523882897,0.7563559322033898,0.42604006163328195,0.5351773902585688,0.024396507447354904,0.6606317411402157,0.005970724191063174,0.055865921787709494,1.0,,,,0.09998715643462625,,,0.034568613242272554,0.13289676425269645,0.1421417565485362,0.440360169491524,0.5035876055895498,1.3143910142042519,,,0.21435698158030914,unavailable,,0.44412261417851684,insufficient_history,,0.3539455486595909,insufficient_history,,0.0672778848384494,insufficient_history,,0.5066754620173117,insufficient_history
2026-03-16,,,,0.007513003274898863,0.42876344086021506,0.25602003467539974,0.7557310730109805,0.42381044114814104,0.5328657314629258,0.024080138701598922,0.665767674821807,0.0053939510691581585,0.0891928337507224,1.0,,,,0.10000642302010405,,,0.03406770321639056,0.11885956463109228,0.12040069350799461,0.4283856675014437,0.4935805955261652,1.27941948457003,,,0.21813822206755695,unavailable,,0.44304584897014215,insufficient_history,,0.3648622616066268,insufficient_history,,0.06703706311824731,insufficient_history,,0.48812920114734515,insufficient_history
2026-03-17,,,,0.004432453266525342,0.3793103448275857,0.25476970514550007,0.7515899017151667,0.39024860281364426,0.5062099358974359,-0.033147041819232996,0.697629601079206,0.003661591828868761,0.04663711697822316,1.0,,,,0.09984579799537394,,,0.036758664207109264,0.09924841009828483,0.10329543264598189,0.42576604355367054,0.48861877831453937,1.2480208608165697,,,0.19187139904705552,unavailable,,0.42788345080528667,insufficient_history,,0.35009956960236394,insufficient_history,,0.0683022311012416,insufficient_history,,0.47298990508580924,insufficient_history
2026-03-18,,,,0.007901329735979958,0.398406374501992,0.25284255155135865,0.7502408941992676,0.39121217961071497,0.5069096735429601,-0.021969550973212564,0.6982077471574485,0.006937752938909231,0.1391404894970129,1.0,,,,0.09984579799537394,,,0.04396320027212481,0.0799768741568703,0.08286760454808248,0.3542011948352276,0.4380378343465439,1.2126313315494608,,,0.20315385211898598,unavailable,,0.42957391584808957,insufficient_history,,0.38202608081197403,insufficient_history,,0.07190449913374937,insufficient_history,,0.433542967887237,insufficient_history
2026-03-19,,,,0.0030828516377649326,0.32943465576476466,0.24142581888246628,0.7304431599229287,0.34585741811175336,0.4931013797240552,-0.09486191393705845,0.7352601156069364,0.0011560693641618498,0.016188090190788207,1.0,,,,0.10001927153594141,,,0.04180523386043183,0.07822736030828516,0.0788053949903661,0.4199710982658959,0.4652565664883575,1.1434288297304573,,,0.1662587537012648,unavailable,,0.4085376630518469,insufficient_history,,0.33911471985165004,insufficient_history,,0.07091225269818661,insufficient_history,,0.4371378499566724,insufficient_history
2026-03-20,,,,0.003852080123266564,0.2632438004696178,0.2110939907550077,0.7010785824345146,0.2812018489984592,0.48168789808917195,-0.16339239856189008,0.7833204930662557,0.0015408320493066256,0.02369485648237334,1.0,,,,0.09998073588903872,,,0.05561498035540233,0.1038135593220339,0.09996147919876733,0.4883763482280437,0.4995908282422295,1.0346903128051552,,,0.13354794029644218,unavailable,,0.3824984024635865,insufficient_history,,0.34174522951056,insufficient_history,,0.07779785812222052,insufficient_history,,0.445286505559246,insufficient_history
2026-03-23,,,,0.0030798845043310875,0.11552090715804413,0.1478344562078922,0.5886429258902791,0.1915303176130895,0.5399763686490744,-0.1292268206608919,0.8498556304138595,0.0011549566891241579,0.008856372737774355,1.0,,,,0.09992298806314978,,,0.041559708204958926,0.26159769008662176,0.17940327237728584,0.7103368623676577,0.6208333580475768,0.9073353126866315,,,0.059300395831187604,unavailable,,0.3647688130188838,insufficient_history,,0.3366704431422995,insufficient_history,,0.07074134813405436,insufficient_history,,0.5359012991131548,insufficient_history
2026-03-24,,,,0.006353484790142472,0.21799691536533647,0.14208702348864075,0.5883711975356181,0.19195225259915286,0.5415681639085894,-0.12187139006546015,0.8504043126684636,0.0044281863688871775,0.13961101482765262,1.0,,,,0.0999422299248989,,,0.038120437392174134,0.10646900269541779,0.08413554100885637,0.5011359260685401,0.49386520445238735,0.8577877471891979,,,0.11217520007773947,unavailable,,0.3654185933558341,insufficient_history,,0.38134640039884665,insufficient_history,,0.06903133365853652,insufficient_history,,0.4086786842828799,insufficient_history
2026-03-25,,,,0.008280377431157327,0.2742616033755275,0.14635085692278066,0.5886770652801848,0.19507028692470635,0.5420523931455584,-0.12619551960973105,0.8471018678990949,0.005391873676102446,0.2755632582322357,1.0,,,,0.09996147919876733,,,0.03841505637297016,0.08280377431157328,0.0845368765646062,0.39904679376082924,0.4503757906300004,0.8237711182684052,,,0.14127099040334243,unavailable,,0.3655094917604324,insufficient_history,,0.42698504396944603,insufficient_history,,0.06918826778586874,insufficient_history,,0.36810687070708287,insufficient_history
2026-03-26,,,,0.0063522617901828685,0.2403560830860533,0.14956689124157843,0.5869104908565929,0.1969201154956689,0.543807836188226,-0.13512993262752646,0.8473532242540904,0.0028873917228103944,0.05161787365177196,1.0,,,,0.09992298806314978,,,0.037777025789857234,0.07564966313763234,0.07487969201154956,0.31756496631376124,0.397717212788338,0.801157863990988,,,0.12335417243811808,unavailable,,0.36490477090143836,insufficient_history,,0.35150175512486076,insufficient_history,,0.0688500069265035,insufficient_history,,0.3333938796484538,insufficient_history
2026-03-27,,,,0.008090926603737237,0.2805429864253395,0.15160855326526682,0.5862068965517241,0.20593334617607398,0.547192118226601,-0.1317665189751493,0.8443459834328646,0.005008668849932576,0.25626204238921,1.0,,,,0.1,,,0.03265913555909032,0.08399152379117704,0.08418416490078982,0.31278173762280675,0.3917760707833772,0.7828935189748606,,,0.14431695651453835,unavailable,,0.3672533964462302,insufficient_history,,0.4204235704130475,insufficient_history,,0.06632956777954516,insufficient_history,,0.33112540321460227,insufficient_history
2026-03-30,,,,0.007902852737085582,0.29343838825214336,0.15381649961449498,0.5859676175790285,0.20913646877409406,0.5492902208201893,-0.1366615265998458,0.843484965304549,0.0036622976098689285,0.07517347725520432,1.0,,,,0.09986504723346828,,,0.028869899044390267,0.08731688511950655,0.0877023901310717,0.35331534309945767,0.4159602644419667,0.7725707743648247,,,0.15067062049461447,unavailable,,0.36750570758208495,insufficient_history,,0.3596119249550244,insufficient_history,,0.06436747313892928,insufficient_history,,0.34337313143136544,insufficient_history
2026-03-31,,,,0.003468208092485549,0.2601431980906922,0.16127167630057804,0.5830443159922929,0.20289017341040463,0.5460098522167488,-0.15818882466281312,0.8520231213872832,0.0015414258188824663,0.022736030828516378,1.0,,,,0.10001927153594141,,,0.03063459569385033,0.10635838150289018,0.10732177263969171,0.3848362235067415,0.4271285913610334,0.7674838275320208,,,0.13180570309158887,unavailable,,0.36450838577408246,insufficient_history,,0.3414258188824663,insufficient_history,,0.06532693361489587,insufficient_history,,0.3586257593084755,insufficient_history
2026-04-01,,,,0.005007704160246533,0.30305986192898837,0.1666024653312789,0.5843605546995377,0.21629429892141758,0.5470657739267428,-0.15414740626605034,0.8507318952234206,0.006933744221879815,0.15080893682588598,1.0,,,,0.09998073588903872,,,0.038938540712598585,0.12037750385208013,0.1215331278890601,0.40054892141756376,0.42982704422203916,0.762288406599632,,,0.15403378304461746,unavailable,,0.36848459697272457,insufficient_history,,0.38591422701592193,insufficient_history,,0.06945963830081865,insufficient_history,,0.36691500079607503,insufficient_history
2026-04-02,,,,0.0050048123195380175,0.26460481099656386,0.16592877767083736,0.5811357074109721,0.21328200192492783,0.5440944881889764,-0.17106191851138916,0.8573628488931665,0.004427333974975939,0.03447611710323575,1.0,,,,0.09992298806314978,,,0.02909216258686529,0.0929740134744947,0.09509143407122234,0.3629066410009612,0.40034936003950344,0.750177934335366,,,0.13480481165805094,unavailable,,0.3651236509295819,insufficient_history,,0.34630115035940384,insufficient_history,,0.06450757532500753,insufficient_history,,0.34029987658430955,insufficient_history
2026-04-03,,,,0.004232397075798384,0.19602916543501792,0.15756060023085802,0.5692574066948827,0.20046171604463256,0.5458120330318521,-0.20860587405412337,0.8693728357060407,0.0028857252789534437,0.0434949961508853,1.0,,,,0.09986530690783144,,,0.038688852694663434,0.07579838399384378,0.07348980377068103,0.3239803770681011,0.3662591038602463,0.724867354718448,,,0.10013078125540815,unavailable,,0.3556431196090238,insufficient_history,,0.3487935738099463,insufficient_history,,0.06927707980124743,insufficient_history,,0.31287900468226404,insufficient_history
2026-04-07,,,,0.0050028862805464695,0.23614457831325267,0.15720608043101789,0.568404848951318,0.20665768712718877,0.5486725663716814,-0.20280931306522995,0.8668462574562248,0.005580142389840293,0.18934000384837407,1.0,,,,0.09988452655889145,,,0.03978697252032067,0.0748508755050991,0.0738887819896094,0.31573022897825426,0.3579721502547794,0.7104410189182149,,,0.12057373229689956,unavailable,,0.3574963545453668,insufficient_history,,0.39830671541273815,insufficient_history,,0.06983574953960606,insufficient_history,,0.3065766111291914,insufficient_history
2026-04-08,,,,0.012879661668589004,0.32297326532930226,0.16205305651672433,0.5690119184928873,0.2608612072279892,0.5575638506876228,-0.1710239651416122,0.8462129950019224,0.01845444059976932,0.2757162084214574,1.0,,,,0.09998077292828303,,,0.040646568660529236,0.15570934256055363,0.1572472126105344,0.6084678969627061,0.5183441372715129,0.7198998832303397,,,0.16792646349894563,unavailable,,0.37077984379758894,insufficient_history,,0.4313902163404089,insufficient_history,,0.07031367079440613,insufficient_history,,0.4319336945271293,insufficient_history
2026-04-09,,,,0.01095521814337882,0.28381962864721494,0.16452046896021527,0.5698635402652316,0.27964635787045933,0.5659006089176979,-0.16336728810301748,0.8370171055160485,0.004420526619258121,0.01729771285796656,1.0,,,,0.09996155324875049,,,0.03745880459790329,0.1145492984816452,0.12396694214876033,0.43847780126849834,0.4230045679273595,0.7195232111089318,,,0.14738742339529687,unavailable,,0.37559679890443914,insufficient_history,,0.3405727464924082,insufficient_history,,0.06871017892332688,insufficient_history,,0.36390436418703903,insufficient_history
2026-04-10,,,,0.00749423520368947,0.3056978421984655,0.16852421214450422,0.5716756341275941,0.30649500384319756,0.5736160188457008,-0.14738662567255956,0.8274404304381245,0.008070714834742506,0.0622598001537279,1.0,,,,0.09994234095714011,,,0.04760120883521389,0.13643351268255188,0.14930822444273636,0.4599154496541118,0.4417969131674688,0.7196735795644663,,,0.1565960387010775,unavailable,,0.38339411228776027,insufficient_history,,0.3567768383294901,insufficient_history,,0.073771774896177,insufficient_history,,0.381425535902267,insufficient_history
2026-04-13,,,,0.01095521814337882,0.304081632653061,0.17201614453200076,0.5723620987891601,0.3309629060157601,0.5759717314487632,-0.12979691203792684,0.8166442437055544,0.005573707476455891,0.029213915049010185,1.0,,,,0.09996155324875049,,,0.03919315266331208,0.11128195271958485,0.12358254852969441,0.40461272342879034,0.4146273040019409,0.7219497099171963,,,0.1575184253982199,unavailable,,0.3896933687422186,insufficient_history,,0.34492920750848866,insufficient_history,,0.06957735295603129,insufficient_history,,0.3552108477194414,insufficient_history
2026-04-14,,,,0.01133307721859393,0.32303533626636616,0.17383787936995773,0.5731847867844795,0.3624663849404533,0.5795566019226996,-0.11019336662824945,0.8077218593930081,0.008643872454859777,0.04859777180176719,1.0,,,,0.09990393852065321,,,0.040803854957413954,0.13119477525931617,0.15059546676911256,0.4810699193238559,0.4491890199619868,0.728542391938718,,,0.16718420674248005,unavailable,,0.39776235763039147,insufficient_history,,0.3524138814188757,insufficient_history,,0.07035389673903358,insufficient_history,,0.3881183146505979,insufficient_history
2026-04-15,,,,0.006341275941583398,0.3115026716586088,0.1777478862413528,0.5734050730207533,0.372598001537279,0.5808477237048666,-0.10857033051498848,0.8018831667947732,0.00595695618754804,0.02843966179861645,1.0,,,,0.09994234095714011,,,0.04041272316161796,0.14392774788624135,0.16295157571099156,0.4826383551114523,0.45410172487422257,0.7364922900979696,,,0.1589219738000961,unavailable,,0.39965192013067274,insufficient_history,,0.34479887266205483,insufficient_history,,0.07017753205937903,insufficient_history,,0.3960223387361755,insufficient_history
2026-04-16,,,,0.014985590778097982,0.34458174904942973,0.17886647454370797,0.574447646493756,0.4107588856868396,0.581518540317834,-0.07403138008325329,0.7873198847262248,0.009990393852065321,0.04956772334293948,1.0,,,,0.09992313604919292,,,0.04433764823762949,0.138328530259366,0.15561959654178675,0.4883957732949102,0.45568066270304686,0.7383549669440536,,,0.17978366991376385,unavailable,,0.40981334194751823,insufficient_history,,0.3531860390650016,insufficient_history,,0.07213039214341121,insufficient_history,,0.3952759059486327,insufficient_history
2026-04-17,,,,0.01729106628242075,0.34308510638297895,0.181940441882805,0.574447646493756,0.43554274735830933,0.5851314240878775,-0.06455331412103746,0.7796349663784822,0.007877041306436119,0.010953112990007686,1.0,,,,0.09992313604919292,,,0.047962100573756286,0.15811719500480306,0.18232468780019212,0.5010566762728139,0.4681018977392791,0.7443357648963247,,,0.18018808633269986,unavailable,,0.4153573186800321,insufficient_history,,0.3396100514321479,insufficient_history,,0.07394261831147461,insufficient_history,,0.41078724434268254,insufficient_history
2026-04-20,,,,0.017112093828109978,0.35504201680672276,0.18515670063449335,0.5750817150547971,0.47202461065179774,0.5906145690162968,-0.039735948215086844,0.7636992885983465,0.0071140165352816765,0.02403846153846154,1.0,,,,0.1,,,0.04298955162000943,0.1778504133820419,0.20669102095750816,0.5285425879638538,0.48731709743211843,0.750307889143623,,,0.18607705531741636,unavailable,,0.4244734892901074,insufficient_history,,0.3437174926912477,insufficient_history,,0.07149477581000471,insufficient_history,,0.43014180177582906,insufficient_history
2026-04-21,,,,0.013643351268255189,0.34945125014491624,0.18543428132205994,0.5770561106840891,0.4907763259031514,0.5918807609335164,-0.029144248014347937,0.7530745580322828,0.0034588777863182167,0.012682551883166795,1.0,,,,0.09994234095714011,,,0.04214797970824976,0.13662567255956956,0.16199077632590314,0.48469446579554176,0.4577498495350681,0.7530606041447194,,,0.1815473007065857,unavailable,,0.428179631476792,insufficient_history,,0.33871380988982835,insufficient_history,,0.07104516033269494,insufficient_history,,0.3988242736721604,insufficient_history
2026-04-22,,,,0.021333845858158753,0.35545023696682476,0.1873918892946377,0.5771670190274841,0.5049010186430906,0.593645812904491,-0.023319879556666027,0.7428406688448972,0.0067268883336536614,0.09955794733807419,1.0,,,,0.09996155324875049,,,0.04390033849203369,0.15913895829329233,0.18277916586584664,0.49656928694983654,0.46142813618733475,0.757410532283239,,,0.18839204141249175,unavailable,,0.4304377548596558,insufficient_history,,0.36876161189057594,insufficient_history,,0.07193094587039209,insufficient_history,,0.4114652159159099,insufficient_history
2026-04-23,,,,0.007881584006151481,0.32914388752396145,0.185121107266436,0.5774702037677816,0.5032679738562091,0.5927015891701001,-0.04120210175573497,0.7424067666282199,0.006151480199923107,0.04153047490867141,1.0,,,,0.09998077292828303,,,0.04054344173730758,0.1972318339100346,0.21895424836601307,0.6076220684352172,0.5177016143825087,0.7666854185217723,,,0.16851273576505646,unavailable,,0.4266275898221686,insufficient_history,,0.3492273183695315,insufficient_history,,0.07026210733279531,insufficient_history,,0.4616390367231092,insufficient_history
2026-04-24,,,,0.011726259131103423,0.31994798439531824,0.1843521722414456,0.5759323337178008,0.497116493656286,0.5886970172684458,-0.04972446494937845,0.7429834678969627,0.0057670126874279125,0.04364545279753893,1.0,,,,0.09998718113062428,,,0.054439374000652296,0.17839292579777008,0.19281045751633988,0.5478277585544039,0.4881943011942006,0.7732823585242388,,,0.16583712176321083,unavailable,,0.4232261699719271,insufficient_history,,0.3498041551616556,insufficient_history,,0.07721327756563828,insufficient_history,,0.43610156031739067,insufficient_history
2026-04-27,,,,0.010769230769230769,0.33706695536309134,0.18211538461538462,0.5759615384615384,0.5128846153846154,0.5858684985279686,-0.036923076923076927,0.7332692307692308,0.015384615384615385,0.1451923076923077,1.0,,,,0.10002564760194922,,,0.04345928548916149,0.22576923076923078,0.23807692307692307,0.5952211538461519,0.5273453123011196,0.7777023539930226,,,0.17391809306616104,unavailable,,0.4255293651392768,insufficient_history,,0.3868589743589744,insufficient_history,,0.07174246654555536,insufficient_history,,0.47282299479728956,insufficient_history
2026-04-28,,,,0.007893723527146708,0.31882898660481823,0.17886022333461687,0.5750866384289565,0.5023103581055064,0.5840534171249018,-0.06263637530483891,0.7346938775510204,0.007316134000770119,0.04601463226800154,1.0,,,,0.09994864552574143,,,0.0362848126240982,0.21062764728532923,0.22545244512899498,0.588948787061993,0.5286590264389615,0.7838558949347401,,,0.16336135506598248,unavailable,,0.41872802320669383,insufficient_history,,0.3511102554229239,insufficient_history,,0.06811672907491981,insufficient_history,,0.46750876017000376,insufficient_history
2026-04-29,,,,0.018178302069232256,0.35135135135135154,0.17752852446335332,0.577451169986463,0.5250435118932508,0.5806706114398422,-0.04428543801972539,0.7222974279636434,0.01257010249468188,0.08953780700058016,1.0,,,,0.1000064478689793,,,0.03649651594533767,0.2125314252562367,0.2281957068265326,0.5961612840843159,0.5413378799740546,0.7928677786768085,,,0.1847648267102919,unavailable,,0.4231176346211379,insufficient_history,,0.3673693031650873,insufficient_history,,0.06825148190715849,insufficient_history,,0.47421881496358964,insufficient_history
2026-04-30,,,,0.017194744976816074,0.35217227920641536,0.17658423493044823,0.5765069551777434,0.5399922720247295,0.5784391013007489,-0.03645028335909325,0.7148377125193199,0.011591962905718702,0.10030923850019327,1.0,,,,0.09990981705745942,,,0.03694367143032097,0.2132921174652241,0.2339644513137558,0.585394126738795,0.5445344663190531,0.8072847116979097,,,0.1846835120916157,unavailable,,0.4249849987656495,insufficient_history,,0.3706337338019707,insufficient_history,,0.0684267442438902,insufficient_history,,0.4768939747069475,insufficient_history
2026-05-06,,,,0.026902382782475018,0.378875207405467,0.17640276710222905,0.5760953112990008,0.56456571867794,0.5856526852214817,-0.01447604406866513,0.6961952344350499,0.007878554957724828,0.0693830482413992,1.0,,,,0.0999487442337263,,,0.04072479674700882,0.27843966179861646,0.31533435818601074,0.7092621060722485,0.6251398423252865,0.8253720534157861,,,0.202888795093971,unavailable,,0.4307392787778394,insufficient_history,,0.35908720106637465,insufficient_history,,0.07033677049036756,insufficient_history,,0.5507096043595896,insufficient_history
2026-05-07,,,,0.03572800614675375,0.3944679050617981,0.1765270841336919,0.577794852093738,0.5885516711486746,0.5901253918495298,0.011781278012549622,0.6746062235881675,0.009220130618517095,0.05570495582020745,1.0,,,,0.09991033687716153,,,0.035756917579114464,0.19150979638878218,0.22800614675374567,0.6414617748751426,0.5852351065243216,0.8402648213648998,,,0.21509795560427591,unavailable,,0.4365644168043919,insufficient_history,,0.35497502881290816,insufficient_history,,0.06783362722813799,insufficient_history,,0.49729552918137837,insufficient_history
2026-05-08,,,,0.028631821675634127,0.41767977858626637,0.17640276710222905,0.5812836279784781,0.6143351268255188,0.5943192948090108,0.034844991032539074,0.6548808608762491,0.013259031514219831,0.10415065334358185,1.0,,,,0.0999487442337263,,,0.0316972873726039,0.1975403535741737,0.2238662567255957,0.6010760953112984,0.5766957230988168,0.85734450571518,,,0.22315580013095024,unavailable,,0.44267777810400416,insufficient_history,,0.3724698949526006,insufficient_history,,0.0658230158031651,insufficient_history,,0.4913045868850129,insufficient_history
2026-05-11,,,,0.03728618104939458,0.43658996453678095,0.17701326157985778,0.5844704977897367,0.6354026523159716,0.5965909090909091,0.050099301684925365,0.6359792427445704,0.01998846819142802,0.20569011918492888,1.0,,,,0.09996155324875049,,,0.0398558210010096,0.2573515279646358,0.30021141649048627,0.6954449356140674,0.647170730156881,0.9029816380914817,,,0.23693807279308776,unavailable,,0.44659264420099515,insufficient_history,,0.4085595291254523,insufficient_history,,0.06990868712488005,insufficient_history,,0.5606320496635104,insufficient_history
2026-05-12,,,,0.022106881968473664,0.40912215242790384,0.1774317570165321,0.5853517877739332,0.6361014994232987,0.6031746031746031,0.0462001794181725,0.6330257593233372,0.004805843906189927,0.028066128412149175,1.0,,,,0.09998077292828303,,,0.04235305446535162,0.1774317570165321,0.2104959630911188,0.6098039215686276,0.5945255672285706,0.9213992154062524,,,0.21561451719818875,unavailable,,0.44688093102164617,insufficient_history,,0.34429065743944637,insufficient_history,,0.07116691369681732,insufficient_history,,0.5027312848622203,insufficient_history
2026-05-13,,,,0.04033032456308815,0.42499999999999966,0.18014211638179373,0.5882465911273286,0.6452851930094105,0.6113177990992755,0.05710261827027719,0.6253120798924525,0.009794507393892836,0.11794083749519785,1.0,,,,0.09988474836726853,,,0.04000285520212381,0.1630497407336278,0.19108891876320339,0.5534664874207795,0.5645455000056885,0.9351820687021948,,,0.2326651622815439,unavailable,,0.45123439963008966,insufficient_history,,0.3759117816296969,insufficient_history,,0.06994380178469617,insufficient_history,,0.48146654312509873,insufficient_history
2026-05-14,,,,0.009218359900134435,0.37996219281663524,0.18148646053389667,0.5861340503168811,0.6205108507777991,0.6084914889454118,0.025862620830932718,0.6351065872863453,0.004033032456308815,0.02515844056078356,1.0,,,,0.09988474836726853,,,0.04333831622462791,0.16746687151910888,0.19243326291530632,0.5914442097176881,0.5874195099368631,0.9472831849157186,,,0.19459027635838483,unavailable,,0.4429320097818778,insufficient_history,,0.34306382433903077,insufficient_history,,0.07161153229594822,insufficient_history,,0.497209407800937,insufficient_history
2026-05-15,,,,0.009602458229306703,0.37091503267973824,0.1793739197234492,0.5855579028231227,0.6018820818129441,0.6055153530217093,0.019589014787785672,0.6410601113885155,0.004033032456308815,0.06664106011138851,1.0,,,,0.09988474836726853,,,0.04078953995538698,0.16842711734203955,0.18263875552141348,0.5726810063376212,0.5832412403874401,0.9672230094983574,,,0.19025874545452248,unavailable,,0.43882973059292113,insufficient_history,,0.35689136418923245,insufficient_history,,0.07033714416132775,insufficient_history,,0.49484222581737436,insufficient_history
2026-05-18,,,,0.01669545192861255,0.3720087019579405,0.1757819996161965,0.582997505277298,0.5841489157551334,0.6088741204065676,0.018166698650291052,0.6465169833045481,0.0036461331798119364,0.07391053945095027,1.0,,,,0.1,,,0.03934463456492292,0.13106889272692382,0.14354250623680676,0.483928228746882,0.5352082179824482,0.9824039508419948,,,0.19435207694327652,unavailable,58.333333333333336,0.43608103716833907,ready,9.166666666666666,0.3591855575435874,partial,74.16666666666667,0.06967231728246145,partial,58.66666666666667,0.45523035930701117,partial
2026-05-19,,,,0.029959669675436913,0.39234449760765583,0.1732283464566929,0.585942001152295,0.5863260994814673,0.6085680751173709,0.023814096408680624,0.6422124063760323,0.0090263107355483,0.16692278140606992,1.0,,,,0.09988474836726853,,,0.0414157406934273,0.11964662953716151,0.13693105434991357,0.4243134242366047,0.501237984221284,0.9854572147242442,,,0.21115208364154636,unavailable,59.83606557377049,0.4366818374987565,ready,55.673952641165755,0.39198303071387275,partial,46.721311475409834,0.07065024453034792,partial,48.52459016393443,0.43351726141384156,partial
2026-05-20,,,,0.029355333844973137,0.36770706261949615,0.1717191097467383,0.5844205679201842,0.5748273215656178,0.6150087942153606,0.014517779483243797,0.6431312356101304,0.004604758250191865,0.05814622913068509,1.0,,,,0.09998080982536942,,,0.04318622674490767,0.11646201074443592,0.12778204144282426,0.4266500383729838,0.4993143401486777,0.9904009301077291,,,0.19853119823223464,unavailable,58.60215053763441,0.43393746809021255,ready,27.128503437334743,0.354250329126959,partial,83.06451612903226,0.07158351828513854,partial,46.774193548387096,0.43212187216333015,partial
2026-05-21,,,,0.0034515819750719078,0.299642911567291,0.16855225311601152,0.5729626078619368,0.5137104506232023,0.6157750878563061,-0.023266219239373602,0.6751677852348993,0.0024928092042186003,0.02837967401725791,1.0,,,,0.09992328346758726,,,0.03647078075726432,0.1810162991371045,0.19827420901246404,0.5965484180249271,0.5981519655947618,0.9986622882108347,,,0.15154724677118145,unavailable,47.61904761904762,0.42048366090883044,ready,8.030380611025771,0.34362416107382554,partial,38.095238095238095,0.0681970321124258,partial,79.68253968253968,0.5145306359960184,partial
2026-05-22,,,,0.02090525508247027,0.3317980652654965,0.1637897967011891,0.5728807057920982,0.5136171845032604,0.6206559937524404,-0.004155478839023142,0.6739547372458765,0.004411200613732259,0.11967779056386652,1.0,,,,0.09994245156339919,,,0.04648134410547965,0.09781357882623705,0.11123897199846566,0.41510356731875664,0.4960092160718058,0.979502683475935,,,0.17635166017398338,unavailable,47.395833333333336,0.42345715652597354,ready,35.82175925925926,0.374696330392533,partial,70.3125,0.07321189783443942,partial,37.1875,0.41993360353824005,partial
2026-05-25,,,,0.025124664365170694,0.3250575157043709,0.16244725738396623,0.5723053317990027,0.507096279248178,0.6269035532994924,-0.0023654264160593275,0.6729957805907173,0.0055619485999232835,0.08841580360567702,1.0,,,,0.09994245156339919,,,0.0479175151113837,0.12082853855005754,0.1365554276946682,0.4579305715381675,0.5197301372735855,0.9947099753093137,,,0.1750910900347708,unavailable,48.205128205128204,0.4232304626508829,ready,36.21794871794872,0.36465925073520006,partial,71.53846153846155,0.07392998333739145,partial,55.07692307692307,0.4459509300731585,partial
2026-05-26,,,,0.013233601841196778,0.29201911874291053,0.15822784810126583,0.5663598005370157,0.47736862293824317,0.6269035532994924,-0.008758470783787239,0.6846950517836594,0.002685078634445723,0.04296125815113157,1.0,,,,0.09994245156339919,,,0.046802534233677195,0.11162255466052934,0.1221710778672804,0.46239930955120756,0.5199856490677052,0.9866675212701977,,,0.15262636029205365,unavailable,43.686868686868685,0.41746606764598154,ready,11.756021756021758,0.34854877892852576,partial,70.45454545454545,0.0733724928985382,partial,50.3030303030303,0.44056922248338404,partial
2026-05-27,,,,0.005754843660080567,0.2433862433862434,0.15480529445616728,0.5572606944178017,0.4312296182620372,0.6321951219512195,-0.02864633288573438,0.7082294264339152,0.001342796854018799,0.02781507769038941,1.0,,,,0.09996162701458174,,,0.046652069965838004,0.10953385766353348,0.1170151544216382,0.4803855745252259,0.524157048930748,0.9698719070624164,,,0.12457054352316198,unavailable,40.049751243781095,0.4091789704392344,ready,6.0455299261269415,0.34305262484813603,partial,79.8507462686567,0.07330684849020987,partial,48.059701492537314,0.44019270852071235,partial
2026-05-28,,,,0.018031843468252446,0.24576271186440674,0.1530788413581431,0.5557260694417802,0.42259735277191635,0.6354065119906415,-0.018031843468252446,0.7101477076539421,0.002685593708037598,0.07097640514099367,1.0,,,,0.09996162701458174,,,0.047280488509603834,0.07903318626510647,0.08939190485325149,0.39254747746019286,0.47120468023810286,0.9538274168365803,,,0.13189727766632958,unavailable,39.70588235294118,0.40982077329136174,ready,22.33684518583553,0.35788733294967706,partial,80.88235294117646,0.07362105776209278,partial,27.941176470588232,0.3972009331306468,partial
2026-05-29,,,,0.00652215614809131,0.1976744186046513,0.14943410704009208,0.5457510070976405,0.37368118166123154,0.6374975638277139,-0.04834068674467677,0.7389219259543449,0.0028774218300402837,0.0679071551889507,1.0,,,,0.09996162701458174,,,0.04396120610046674,0.13082677920583158,0.12679838864377518,0.5107327834260496,0.5362177844199767,0.9458878981514804,,,0.1020982873763713,unavailable,33.333333333333336,0.3994908498060577,ready,22.96817277635692,0.35692819233966366,partial,76.81159420289855,0.07196141655752424,partial,58.84057971014492,0.4500927267694227,partial
2026-06-01,,,,0.0067178502879078695,0.23817531896835575,0.1474088291746641,0.5452975047984645,0.36410748560460654,0.6274127510235914,-0.05073576455534229,0.7499040307101728,0.0049904030710172746,0.15047984644913628,1.0,,,,0.10001919754271453,,,0.045180432081330484,0.10940499040307101,0.1071017274472169,0.45283109404990274,0.5085714915007408,0.9424253396478476,,,0.12244658462813181,unavailable,30.71428571428571,0.3972324727926928,ready,43.2712215320911,0.3851567498400512,partial,91.42857142857143,0.0725998148120225,partial,42.857142857142854,0.42406692860975576,partial
2026-06-02,,,,0.009022845075830293,0.20467836257309946,0.14378959493184873,0.5423305816855443,0.35419466308312536,0.6265835119859676,-0.049273692967300185,0.7550393549625648,0.0026876559800345554,0.04069879055480898,1.0,,,,0.09984639016897082,,,0.049749677001136576,0.07391053945095027,0.07659819543098484,0.38507391053944817,0.46372103291073336,0.9264989868274441,,,0.10685060382446487,unavailable,29.577464788732396,0.3954440022802918,ready,12.327297116029511,0.34779548217828116,partial,50.70422535211267,0.0747980335850537,partial,22.253521126760564,0.38516053303191217,partial
2026-06-03,,,,0.00805523590333717,0.18703209141456162,0.142692750287687,0.5397008055235903,0.33870349060222477,0.6308411214953271,-0.06028640838767421,0.761795166858458,0.0034522439585730723,0.06829081143295607,1.0,,,,0.09994245156339919,,,0.05447144716511025,0.08342922899884925,0.0887993862677407,0.3845512082853834,0.4583394831346721,0.924789719648743,,,0.0975436636589494,unavailable,29.39814814814815,0.3922411543966022,ready,24.79134063641106,0.3572476851305097,partial,72.91666666666667,0.07720694936425472,partial,25.833333333333332,0.3879818052670777,partial
2026-06-04,,,,0.011123897199846567,0.1591477848791409,0.1386651323360184,0.5299194476409667,0.32009973149213655,0.6370889278069664,-0.0694923922772024,0.7740698120444955,0.0028768699654775605,0.04948216340621404,1.0,,,,0.09994245156339919,,,0.04586474017340947,0.07690832374376678,0.07403145377828922,0.3444188722669712,0.42452869147916733,0.9072849605213837,,,0.08513584103949375,unavailable,28.767123287671236,0.38839177650723017,ready,17.059868087265347,0.35078634445723056,partial,66.43835616438356,0.07290359586840434,partial,17.26027397260274,0.36543446035791566,partial
2026-06-05,,,,0.005751533742331288,0.1737145126067103,0.1347776073619632,0.5289493865030674,0.31422546012269936,0.6343835083625049,-0.06793200408997956,0.7785659509202454,0.003834355828220859,0.18366564417177914,1.0,,,,0.09990412272291467,,,0.05955143092037206,0.09720092024539877,0.09490030674846625,0.4339532208588957,0.46848378688785425,0.8914690286152218,,,0.0897330231745208,unavailable,28.378378378378383,0.3871616515300835,ready,40.046896211279766,0.3958333333333333,partial,60.81081081081081,0.07972777682164336,partial,34.05405405405405,0.39720145267116735,partial
2026-06-08,,,,0.004792944785276074,0.12500000000000006,0.1223159509202454,0.5099693251533742,0.2808665644171779,0.6351088646967341,-0.08537832310838446,0.8009969325153374,0.002492331288343558,0.04486196319018405,1.0,,,,0.09989773744087946,,,0.05099144332662337,0.09202453987730061,0.0870398773006135,0.48967599693251407,0.4845887150342592,0.8514932471140823,,,0.06489647239263807,unavailable,26.666666666666668,0.3773132190990807,ready,12.582582582582582,0.3491180981595092,partial,57.333333333333336,0.07544459038375141,partial,37.33333333333333,0.40096447525175394,partial
2026-06-09,,,,0.013420245398773007,0.13786939121340291,0.12039877300613497,0.5069018404907976,0.27703220858895705,0.6388726919339164,-0.08959611451942741,0.8031058282208589,0.0036426380368098157,0.14206288343558282,1.0,,,,0.09989773744087946,,,0.05547881832520799,0.07611196319018405,0.07074386503067484,0.3360908742331265,0.40309492874838754,0.8346001785951471,,,0.07564481830608796,unavailable,26.973684210526315,0.3761192046202062,ready,36.771929824561404,0.3819018404907975,partial,59.21052631578947,0.07768827788304372,partial,14.210526315789474,0.344128361959504,partial
2026-06-10,,,,0.008632265490120852,0.12323009208264515,0.11778246690964896,0.4985612890849799,0.2651064646077115,0.6429404900816803,-0.09866359741671463,0.8112411279493573,0.0019182812200268559,0.11106848263955496,1.0,,,,0.09995523437999616,,,0.04344432718142148,0.08075963936313063,0.07653942067907155,0.379522347976212,0.4167177228272291,0.8118218246509709,,,0.06593117878638301,unavailable,26.406926406926406,0.3728280402027772,ready,26.725905673274088,0.37099558795319393,partial,66.88311688311688,0.07169978078070882,partial,18.441558441558442,0.3530721910993228,partial
2026-06-11,,,,0.009403185568988677,0.10224438902743149,0.11514104778353483,0.48436000767606985,0.2494722701976588,0.6546762589928058,-0.11072730761849933,0.8192285549798504,0.0009595087315294569,0.05238917674150835,1.0,,,,0.09999360245665664,,,0.0504053117819825,0.08290155440414508,0.07733640376127422,0.3570715793513697,0.3949243639835242,0.7859377513898514,,,0.05582378729821008,unavailable,25.42735042735043,0.36869180533523677,ready,12.987012987012989,0.3511162284910126,partial,89.74358974358975,0.07519945711931958,partial,16.923076923076923,0.33963433057803294,partial
2026-06-12,,,,0.0049884881043745204,0.14775359065361188,0.11473522640061397,0.4833077513430545,0.24884881043745202,0.6536443148688047,-0.11754924533128677,0.8217574827321565,0.001918649270913277,0.18572524942440521,1.0,,,,0.09997441473711143,,,0.04219448174160422,0.15886415963161934,0.14716039907904835,0.5212874136607836,0.4856625408860399,0.7977964788678344,,,0.0763710393789932,unavailable,25.105485232067508,0.3674573900751325,ready,33.722817267121066,0.39588129956510615,partial,68.35443037974683,0.07108444823935782,partial,56.70886075949367,0.4221541984250651,partial
2026-06-15,,,,0.019589014787785672,0.17600000000000013,0.1161897445746111,0.4820434031111965,0.255041290570386,0.6575875486381323,-0.11490941681070355,0.8187055886306894,0.004801229114653352,0.1680430190128673,1.0,,,,0.09987835328766247,,,0.04607123054834701,0.12617630113309006,0.12271941617053966,0.5022661801421153,0.4797402537996189,0.8000136755116415,,,0.0977945073938929,unavailable,26.666666666666668,0.369109693119052,ready,45.36919831223628,0.3909480827091736,partial,45.625,0.07297479191800474,partial,48.75,0.4061831653514011,partial
2026-06-16,,,,0.018802762854950115,0.17337709644109128,0.11646201074443592,0.48119723714504986,0.26132003069838833,0.6612244897959184,-0.11153747761575851,0.8136991557943208,0.0036454336147352263,0.09669992325402917,1.0,,,,0.09997441473711143,,,0.04054560377176865,0.09900230237912509,0.1045663852647736,0.4591231772831932,0.4549280880126574,0.8007697122494524,,,0.0960899296480207,unavailable,27.777777777777775,0.3703942410937258,ready,31.543209876543205,0.36678178562292146,partial,62.96296296296296,0.07026000925444004,partial,35.06172839506173,0.3836779330378403,partial
2026-06-17,,,,0.02400153609831029,0.154426226407958,0.11674347158218126,0.47887864823348697,0.261136712749616,0.6671850699844479,-0.11507936507936507,0.8135560675883257,0.004416282642089093,0.03763440860215054,1.0,,,,0.09985917296120855,,,0.042207464240001345,0.08563748079877112,0.0944700460829493,0.4365015360983114,0.43410302503272424,0.7970504242254801,,,0.08921388125313415,unavailable,27.84552845528455,0.3704034341764488,ready,21.22854561878952,0.3473502304147465,partial,34.75609756097561,0.07103331860060495,partial,28.53658536585366,0.36955250244764726,partial
2026-06-18,,,,0.02266615443718786,0.13622262916529715,0.11505954667691126,0.47157126392623894,0.2606607760276604,0.6783352781019059,-0.1133307721859393,0.8098348059930849,0.0036496350364963502,0.03630426431041106,1.0,,,,0.09989754098360656,,,0.05107685425246509,0.10257395313100269,0.1069919323857088,0.46049750288129226,0.4529703440455944,0.7948632536620199,,,0.0794443918012425,unavailable,27.710843373493976,0.3703551497566437,ready,17.35233617396415,0.3466512997823025,partial,57.22891566265061,0.07548719761803582,partial,35.66265060240964,0.3835793972211236,partial
2026-06-22,,,,0.030908043770397388,0.15493202705375825,0.10865809176425417,0.468420042234594,0.26281435976195044,0.6835762876579203,-0.09950726307032699,0.8078325974275293,0.005759262814359762,0.10693031291994624,1.0,,,,0.09984,,,0.04043404004974233,0.18755999232098292,0.17488961412939144,0.6816183528508326,0.550588897029853,0.7901165445546586,,,0.09292003541207781,unavailable,29.365079365079364,0.3719656859626535,ready,44.33448078026391,0.3708965252447687,partial,25.0,0.07013702002487117,partial,73.33333333333334,0.4769546801771437,partial
2026-06-23,,,,0.005943251533742332,0.17396348229597508,0.10947085889570553,0.46683282208588955,0.2670628834355828,0.6844660194174758,-0.11566973415132924,0.8055981595092024,0.005368098159509203,0.062332182585347146,1.0,,,,0.09991050882127334,,,0.043559501491632596,0.15740030674846625,0.1629601226993865,0.5471817484662578,0.5071615872875271,0.7935453099708407,,,0.08995336691485871,unavailable,28.823529411764707,0.3696268348654212,ready,33.91223155929038,0.3559000935816188,partial,51.17647058823529,0.07173500515645297,partial,62.35294117647059,0.4336498150344957,partial
2026-06-24,,,,0.023782125047947834,0.13098711855955142,0.10874568469505179,0.46010740314537785,0.2646720368239356,0.6927558749271703,-0.14243702851297788,0.8045646336785577,0.002493287303413886,0.02838511699271193,1.0,,,,0.0999488425629876,,,0.04716000258917575,0.11488300728807058,0.12236286919831224,0.514921365554276,0.4772361725016636,0.7867282506389881,,,0.07738462180374962,unavailable,27.131782945736433,0.3647347674595192,ready,8.974008207934338,0.3436261347653753,partial,69.76744186046511,0.07355442257608168,partial,46.27906976744186,0.4032263330362621,partial
2026-06-25,,,,0.018415499712257817,0.09395339285153048,0.10972568578553615,0.44926146173028964,0.25532323038557453,0.7007766990291262,-0.17309290875375663,0.8089391904853251,0.0038365624400537117,0.029733358910416268,1.0,,,,0.09996802046690119,,,0.051376492250178506,0.13236140418185305,0.14022635718396317,0.541588336850183,0.4812553731496141,0.7830130704404249,,,0.056184446281894146,unavailable,24.521072796934863,0.35848889311034915,ready,18.078945023612224,0.3445233071168233,partial,82.75862068965517,0.07567225635853984,partial,52.643678160919535,0.4156889083612077,partial
2026-06-26,,,,0.007863444572305332,0.04947053749266228,0.10529344073647871,0.43076332949750673,0.24184886843114692,0.71722265321955,-0.20074159314665643,0.8147295742232451,0.002685078634445723,0.03279631760644419,1.0,,,,0.0999488425629876,,,0.053793119494490914,0.11104718066743383,0.11488300728807058,0.5295550441120062,0.46182052842566307,0.7707390780299715,,,0.028666991032483807,unavailable,22.537878787878785,0.3515193788268785,ready,11.442006269592476,0.34516046541363,partial,74.43181818181819,0.07687098102873925,partial,41.36363636363636,0.397608967704629,partial
2026-06-29,,,,0.01599086236436322,0.10149942329873153,0.10146582905006662,0.4216638111555302,0.2333904435560632,0.7181660566364862,-0.18706770734183642,0.8241005139920046,0.007233961545783362,0.11055662188099807,1.0,,,,0.0999746096229529,,,0.05189198844096901,0.14867694650675806,0.14829621168855892,0.5873976775176097,0.4891703127644886,0.7620873903548178,,,0.05874514283154737,unavailable,21.910112359550563,0.3519531578413857,ready,49.340313244807625,0.3725968611422605,partial,84.26966292134831,0.07593329903196096,partial,56.62921348314607,0.42712570776644665,partial
2026-06-30,,,,0.025616698292220113,0.10233808194339594,0.10474383301707779,0.41973434535104365,0.23908918406072105,0.7240452888121282,-0.1851359898798229,0.8197343453510436,0.0058823529411764705,0.18751186183336496,1.0,,,,0.10003163555836761,,,0.054845876366217655,0.09962049335863378,0.1127134724857685,0.4498007590132824,0.42942195010015505,0.7546732368380524,,,0.06397739011780802,unavailable,22.777777777777782,0.3537018344520319,ready,52.19725343320849,0.39779807159151376,partial,98.33333333333334,0.07743875596229263,partial,29.111111111111107,0.36924598235917844,partial
2026-07-01,,,,0.01027592768791627,0.15534851842056552,0.10713606089438629,0.42074215033301615,0.251569933396765,0.7213777179141813,-0.18636219473517285,0.813510941960038,0.006279733587059943,0.1592768791627022,1.0,,,,0.09993654822335026,,,0.04787253136583427,0.1796384395813511,0.18934348239771645,0.6150903901046633,0.5257272927073505,0.7586384506535357,,,0.0828122230542409,unavailable,25.09157509157509,0.3546624349605356,ready,51.5995115995116,0.3885188709165874,partial,60.98901098901099,0.07390453979459226,partial,69.23076923076923,0.4536876110889234,partial
2026-07-02,,,,0.0030360531309297912,0.16385644990887405,0.10986717267552182,0.42087286527514234,0.25749525616698293,0.715464313123561,-0.19791271347248576,0.8153700189753321,0.003984819734345351,0.04990512333965844,1.0,,,,0.10003163555836761,,,0.05311445079500687,0.1432637571157495,0.1571157495256167,0.5658254269449696,0.5126494507090128,0.7633098852051176,,,0.08344625151990191,unavailable,25.362318840579707,0.3535261521240091,ready,24.41073419334289,0.3512966476913346,partial,96.19565217391305,0.07657304317668724,partial,60.21739130434783,0.4284328539000932,partial
2026-07-03,,,,0.004365154678307079,0.2000000000000003,0.11159612829758968,0.4211425317897134,0.27196811539191496,0.7075417386298215,-0.19282596318086923,0.8136268741696716,0.005883469349022585,0.05978364015942304,1.0,,,,0.09986077711682066,,,0.05470818072458229,0.13797684570127158,0.1474663123932435,0.4980356803947601,0.4872570506969169,0.7662673476440411,,,0.10218257733915369,unavailable,27.777777777777782,0.355508237516307,ready,36.72666354994546,0.3552223698361485,partial,51.075268817204304,0.07728447892070148,partial,51.82795698924731,0.40740064736604664,partial
2026-07-06,,,,0.003416208009109888,0.1920399053250205,0.11159612829758968,0.4181059024482824,0.27690263807174037,0.700383877159309,-0.19358512051622698,0.8164737141772632,0.003416208009109888,0.04100227790432802,1.0,,,,0.09986077711682066,,,0.04793488485319903,0.12431201366483204,0.13626874169671666,0.4561301954830144,0.4714113987002826,0.7660284630822596,,,0.09772805666706519,unavailable,26.59574468085106,0.3549795232729929,ready,16.048959048272707,0.34813949530447935,partial,45.212765957446805,0.07389783098500985,partial,42.97872340425532,0.390830162525421,partial
2026-07-07,,,,0.0015183146707155057,0.14094521990093567,0.11064718162839249,0.4124122224330993,0.26627443537673184,0.6955854126679463,-0.21806794458151452,0.826342759536914,0.001708104004554944,0.011956728031884608,1.0,,,,0.09985445801430108,,,0.05171275684085871,0.0660466881761245,0.0694628961852344,0.33401973809071644,0.39329913095707714,0.7560811263944963,,,0.07123176728582559,unavailable,24.035087719298247,0.34886567784359485,ready,2.8144830160507652,0.3378882773454799,partial,47.368421052631575,0.07578360742757989,partial,6.7368421052631575,0.32378191596072975,partial
2026-07-08,,,,0.0026560424966799467,0.1231527093596059,0.10889774236387782,0.4040978941377348,0.2458736482640865,0.6901975829656628,-0.24454562701574653,0.8440523619806488,0.0024663251754885223,0.06168153349781742,1.0,,,,0.10000632551078499,,,0.05636091539720733,0.05805350028457598,0.06033010813887308,0.30153671030164936,0.36115923699058483,0.7419225452226768,,,0.06290437592814292,unavailable,20.312500000000004,0.3414289337827107,ready,19.265350877192983,0.35471595289110197,partial,94.79166666666667,0.07818362045399616,partial,3.125,0.304600420187672,partial
2026-07-09,,,,0.005881236956934168,0.11805658083669832,0.107190286473155,0.40011383039271486,0.24454562701574653,0.6898139267216574,-0.2305065452475811,0.8465186871561373,0.0022766078542970974,0.048377916903813316,1.0,,,,0.10000632551078499,,,0.05682275130968385,0.06450388920508443,0.06753936634414721,0.3835040789224038,0.39107261686850886,0.7356771122178782,,,0.06196890889681624,unavailable,19.58762886597938,0.34294596875197164,ready,14.551116838487973,0.3502181749193702,partial,94.84536082474227,0.07841453841023442,partial,7.010309278350516,0.3284594127116045,partial
2026-07-10,,,,0.0011385199240986717,0.14610066785167347,0.10948766603415559,0.3984819734345351,0.2478178368121442,0.6839984650805833,-0.23782416192283365,0.8489563567362429,0.004174573055028463,0.1189753320683112,1.0,,,,0.1000253068455017,,,0.06053319889299258,0.12903225806451613,0.13092979127134724,0.5275237191650864,0.4781039483112884,0.7360268407039237,,,0.07361959388788607,unavailable,20.068027210884356,0.34181968936247126,ready,39.37863805315941,0.37438330170777984,partial,98.46938775510205,0.08027925286924714,partial,47.142857142857146,0.4003233115032324,partial
2026-07-13,,,,0.0013282732447817836,0.09778623252126917,0.10360531309297913,0.38235294117647056,0.22011385199240988,0.6818181818181818,-0.2814674256799494,0.8702087286527515,0.0024667931688804553,0.026755218216318787,1.0,,,,0.1000253068455017,,,0.05281318162124577,0.08633776091081594,0.08235294117647059,0.46288425047438325,0.4378994980403655,0.7272557387030275,,,0.049557252883025475,unavailable,16.161616161616163,0.32943859850880725,ready,7.44520030234316,0.3430740037950664,partial,92.42424242424242,0.07641924423337373,partial,24.040404040404038,0.35934603786101255,partial
2026-07-14,,,,0.0011387360030366293,0.12736020882797194,0.0992598215980262,0.3807174036819131,0.23325109128866958,0.6742758488394398,-0.25260960334029225,0.869614727652306,0.0064528373505409,0.15091116173120728,1.0,,,,0.09985445801430108,,,0.06386827709688392,0.08028088821408237,0.08066046688176125,0.39413550958436055,0.39948221331435074,0.7162491609444456,,,0.06424947241550429,unavailable,16.166666666666668,0.3340848816200104,ready,52.62289562289563,0.38578799969391603,partial,53.0,0.0818613675555925,partial,13.2,0.3341616477878001,partial
2026-07-15,,,,0.0022770398481973433,0.1519316647511751,0.10037950664136622,0.3781783681214421,0.2686907020872865,0.635142911950892,-0.23086654016445288,0.8696394686907021,0.01366223908918406,0.1022964509394572,1.0,,,,0.1000253068455017,,,0.057775262641997775,0.11973434535104364,0.12770398481973436,0.40756166982921993,0.41768556380618604,0.7110911842517629,,,0.07710435229968622,unavailable,18.481848184818478,0.336860736221206,ready,55.01320132013202,0.3719862300095471,partial,97.02970297029702,0.07890028474374974,partial,30.099009900990104,0.3567553496115894,partial
2026-07-16,,,,0.0007590132827324478,0.157555969105384,0.09259962049335864,0.3743833017077799,0.2810246679316888,0.5988873968923845,-0.22321315623023402,0.8817836812144213,0.00777988614800759,0.03927893738140417,1.0,,,,0.10001897893338395,,,0.05929659857204434,0.1,0.10834914611005693,0.38351043643263477,0.4026405297697227,0.6987874869440284,,,0.07915749119405822,unavailable,15.032679738562093,0.3342442520015665,ready,34.39461593218146,0.3490196078431373,partial,94.11764705882354,0.07965778875271415,partial,19.80392156862745,0.33865751985128856,partial
2026-07-17,,,,0.0005690440060698028,0.09726050912186592,0.06657814871016692,0.3490136570561457,0.24070561456752657,0.5983135300881564,-0.2537303995953465,0.9129362670713201,0.0017071320182094083,0.009869045359650788,1.0,,,,0.09999367528935552,,,0.06578812964663898,0.1274658573596358,0.12898330804248861,0.5863429438543227,0.49037454484137205,0.6950800473729577,,,0.04891477656396786,unavailable,10.032362459546926,0.3189694696496615,ready,2.268544958436449,0.3371920591259534,partial,91.26213592233009,0.08289090246799724,partial,50.679611650485434,0.40564934029415534,partial
2026-07-20,,,,0.0018968133535660092,0.07879585767517316,0.04419575113808801,0.3232169954476479,0.22610015174506828,0.6042903658303007,-0.2465857359635812,0.9307663125948407,0.005500758725341426,0.07378603945371776,1.0,,,,0.09998735137869973,,,0.058515112711975174,0.1483308042488619,0.13144916540212442,0.6441862670713173,0.5130163486916895,0.6982197400868335,,,0.040346335514369586,unavailable,10.256410256410255,0.31366397346539404,ready,38.97186955439383,0.3597622660596864,partial,87.5,0.07925123204533745,partial,59.230769230769226,0.42704046510016536,partial
2026-07-21,,,,0.0013277693474962064,0.12033405476495795,0.036039453717754175,0.3213201820940819,0.22515174506828528,0.6063972419076805,-0.234951947395043,0.9307663125948407,0.002276176024279211,0.11760242792109256,1.0,,,,0.09998735137869973,,,0.060914206860415904,0.19461305007587254,0.1439681335356601,0.6951157056145658,0.5304927225252866,0.7086138286735323,,,0.06083091205622708,unavailable,10.95238095238095,0.31412049799793323,ready,28.49511599511599,0.3732928679817906,partial,89.04761904761904,0.08045077911955781,partial,66.85714285714286,0.4545606880849834,partial
2026-07-22,,,,0.00018964536317087047,0.10646361494413127,0.03679120045514887,0.3174663379480372,0.22435046463113978,0.6121432675732619,-0.24887793160123903,0.9328655414375119,0.0022757443580504457,0.04343702579666161,1.0,,,,0.09996838444514701,,,0.0622635926910292,0.07623743599468993,0.07073772046273469,0.41660345154560874,0.39287607280967285,0.702595045235331,,,0.05332663015365107,unavailable,11.635220125786162,0.31245648007397675,ready,12.985923929320156,0.348570923384904,partial,81.60377358490567,0.0811159885680881,partial,11.320754716981131,0.33180994520960744,partial
2026-07-23,,,,0.0011378721790252229,0.13414241276426705,0.03906694481319932,0.3174663379480372,0.23516025033187937,0.6088871863627657,-0.24167140780074595,0.931158733168974,0.0045514887161008915,0.14792338327327897,1.0,,,,0.09996838444514701,,,0.056018005807329074,0.06561729565712118,0.06542765029395031,0.337369618812818,0.34002950663648673,0.6950817644897195,,,0.06764014247164614,unavailable,12.61682242990654,0.31501134080401827,ready,44.81279021924411,0.3841582906631266,partial,77.57009345794393,0.07799319512623804,partial,3.925233644859813,0.30070516717801915,partial
2026-07-24,,,,0.0007585814526834819,0.0979166666666666,0.0398255262658828,0.3129148492319363,0.22321259245211456,0.6182723616165485,-0.2624059675074278,0.935520576521904,0.0015171629053669638,0.0199127631329414,1.0,,,,0.09996838444514701,,,0.05058989744542907,0.04779063151905936,0.0481699222454011,0.25229470889436545,0.2891805700039816,0.6847938455124936,,,0.04933762405967504,unavailable,12.19135802469136,0.3112233230968264,ready,3.7267797392407984,0.34047664201276945,partial,70.83333333333334,0.07527914094528804,partial,0.18518518518518517,0.26444593563506025,partial
2026-07-27,,,,0.0017068082685378343,0.13795045449850282,0.040773753081737155,0.31310449459510714,0.22890195334724067,0.6140586094617889,-0.2557683797964473,0.9334344775270245,0.004930779442442633,0.19154181680257917,1.0,,,,0.09996206373292868,,,0.05554728852312629,0.046463113976863264,0.0449459510714963,0.29103925659017316,0.3063003816381784,0.6763903996170763,,,0.06982863138352033,unavailable,12.844036697247704,0.31241748470274183,ready,49.5271265148941,0.3988241987483406,partial,75.22935779816515,0.07775467612802749,partial,0.9174311926605505,0.27302782057875746,partial
2026-07-28,,,,0.0017064846416382253,0.13662669657411358,0.04057641259006447,0.3124762988244217,0.2341676147136898,0.6077718223583461,-0.2569839464037416,0.9330678801668563,0.0037921880925293893,0.08363360515835387,1.0,,,,0.0999494247060311,,,0.06966253514322153,0.06029579067121729,0.0608646188850967,0.2975540386803166,0.31027221419285544,0.6716779989971311,,,0.0691665906078759,unavailable,11.969696969696969,0.3118460137082728,ready,32.610508757297744,0.3624752644169611,partial,74.54545454545455,0.08480597992462632,partial,2.909090909090909,0.28013293228532343,partial
2026-07-29,,,,0.0013272658323852863,0.16148574230933266,0.03640500568828214,0.3111490329920364,0.2554038680318544,0.5876722817764165,-0.24232081911262798,0.9228289723170269,0.013272658323852863,0.2148274554417899,1.0,,,,0.0999494247060311,,,0.06313330254436805,0.08646188850967008,0.09139173302995829,0.4661831626848694,0.39980664208297406,0.6684716549008065,,,0.08140650407085898,unavailable,13.063063063063064,0.3118563902821647,ready,63.95304395304396,0.4093667045885476,partial,73.42342342342343,0.08154136362519958,partial,25.225225225225223,0.34246301624165565,partial
2026-07-30,,,,0.005309063329541145,0.14835119062239854,0.03128555176336746,0.30337504740235116,0.26526355707243077,0.5723583460949464,-0.2678548856023259,0.9178991277967388,0.008911642017444064,0.03886992794842624,1.0,,,,0.0999494247060311,,,0.07409534961460214,0.10693970420932879,0.11471368979901403,0.4860163064087983,0.4108917394506025,0.66901817466791,,,0.07683012697596985,unavailable,11.458333333333334,0.3037211240879181,ready,36.679536679536675,0.3492605233219568,partial,75.0,0.08702238716031663,partial,32.5,0.3575159229071307,partial
2026-07-31,,,,0.002085703450891164,0.18175784319706467,0.03185437997724687,0.30337504740235116,0.29048160788775124,0.5535987748851455,-0.24484894450764758,0.9082290481607888,0.009101251422070534,0.14201744406522562,1.0,,,,0.0999494247060311,,,0.06420058737698435,0.11698900265453166,0.11774744027303755,0.5096226772847924,0.42795565249377865,0.6716772526163356,,,0.09192177332397791,unavailable,14.306784660766963,0.3071149856342727,ready,55.99188790560472,0.3837062318290987,partial,73.89380530973452,0.08207500604150772,partial,38.05309734513274,0.3687984050644951,partial
2026-08-03,,,,0.002274450341167551,0.20981267507002796,0.029378316906747536,0.30288097043214557,0.3400303260045489,0.516271056661562,-0.2052691432903715,0.8917740712661106,0.01042456406368461,0.06124383769434964,1.0,,,,0.09991784111736081,,,0.048987916223435964,0.07979529946929492,0.09192570128885519,0.42500947687642265,0.3784319679965198,0.6731846726674819,,,0.10604356270559775,unavailable,13.596491228070173,0.3125109329967905,ready,45.751177353413034,0.3572228005860114,partial,49.122807017543856,0.07445287867039839,partial,18.94736842105263,0.3296694236597149,partial
2026-08-04,,,,0.0017058377558756635,0.22626912184851622,0.029757391963608795,0.3032600454890068,0.37282031842304775,0.5053598774885145,-0.18454637351528935,0.8821076573161486,0.003032600454890068,0.035064442759666414,1.0,,,,0.09991784111736081,,,0.06280509864139486,0.07012888551933283,0.08150113722517058,0.4408453373767991,0.3945074416933439,0.6726912729731189,,,0.11398747980219594,unavailable,15.79710144927536,0.3181264861941729,ready,15.423340961098397,0.3460323477381855,partial,61.73913043478261,0.08136146987937784,partial,17.913043478260867,0.33193481495755306,partial
2026-08-05,,,,0.002084912812736922,0.24309320144494778,0.03051554207733131,0.30344958301743746,0.42153146322971946,0.49808575803981625,-0.15358857720495325,0.8622062168309326,0.0047384382107657315,0.023692191053828658,1.0,,,,0.09990521327014218,,,0.06701102830507058,0.08567096285064443,0.10064442759666414,0.4925227445034108,0.4264112051256782,0.6767167258606156,,,0.12258905712884235,unavailable,19.68390804597701,0.32703333099838067,ready,19.565217391304348,0.3428102097548648,partial,60.77586206896551,0.08345812078760638,partial,31.20689655172414,0.35639321318740264,partial
2026-08-06,,,,0.0032221379833206974,0.248322048610725,0.03089461713419257,0.30401819560272936,0.4539423805913571,0.49770290964777947,-0.13160222390700024,0.8447687642153147,0.0032221379833206974,0.017247915087187263,1.0,,,,0.09990521327014218,,,0.048501139927845445,0.10272934040940106,0.1178923426838514,0.45275777103866627,0.41567740979714574,0.6793653137527998,,,0.12577209329702285,unavailable,23.646723646723647,0.3332874405473955,ready,10.271146478043029,0.340156684356836,partial,46.15384615384615,0.07420317659899381,partial,31.794871794871796,0.35368443553637285,partial
2026-08-07,,,,0.00511654349061967,0.2533959699443811,0.031646768997536476,0.30415008527572485,0.48948266060261514,0.5089969372128637,-0.10106752574063546,0.8277430358158044,0.006443054765965511,0.04188779378316907,1.0,,,,0.09988627748294163,,,0.05757879865703256,0.10536289558461247,0.12526056471480007,0.46831533068031117,0.42616426260099394,0.6831863523016678,,,0.1292562567175004,unavailable,27.683615819209038,0.34349199369398487,ready,33.13535177941958,0.3494436161830448,partial,52.11864406779661,0.07873253806998709,partial,36.610169491525426,0.3616578811764771,partial
2026-08-10,,,,0.004927041879855979,0.27961136990041496,0.03240477544059125,0.3058555997725981,0.5351525487966647,0.4850689127105666,-0.06152485629461184,0.8087928747394353,0.010043585370475649,0.03922683342808414,1.0,,,,0.09988627748294163,,,0.05731605305538603,0.11768050028425242,0.14724275156338829,0.473744551828693,0.4396963197338631,0.6913857589813359,,,0.14226920589013548,unavailable,32.773109243697476,0.3509583091942074,ready,38.729050942410865,0.3497568062661866,partial,52.10084033613445,0.07860116526916383,partial,44.87394957983194,0.3739499764783066,partial
